,Key,retweet_count,user_favourites_count,user_followers_count,user_friends_count,user_listed_count,user_statuses_count
count,18014.0,18014.0,18014.0,18014.0,18014.0,18014.0,18014.0
mean,15461.167258798712,28.95009437104474,9632.989952259353,21031.69817919396,3910.5207616298435,421.66320639502607,46829.09215054957
std,8361.070778168585,85.79199155815452,23411.281203713443,227979.70683414026,11399.85800777546,2090.478204795572,103523.48601153585
min,1.0,0.0,0.0,0.0,0.0,0.0,1.0
25%,9000.25,0.0,244.0,209.0,226.0,4.0,3143.25
50%,14037.5,0.0,1978.0,869.0,698.0,31.0,14318.5
75%,19411.75,13.0,8947.0,4907.25,2364.75,222.0,50053.0
max,31567.0,4207.0,587831.0,14323970.0,262425.0,105993.0,2262640.0
